onset_time,kick,snare,hihat,tom,crash,ride
1.3815873015873017,False,False,True,False,False,False
8.672653061224489,False,True,True,False,False,False
8.858412698412698,False,False,False,True,False,False
9.02095238095238,False,False,False,True,False,False
9.206712018140589,True,False,False,False,True,False
10.00780045351474,False,True,False,False,False,False
10.193560090702947,False,False,False,True,False,False
10.344489795918367,False,False,False,True,False,False
10.530249433106576,True,False,False,False,True,False
10.85532879818594,True,False,False,False,False,False
11.017868480725623,False,True,False,False,False,False
11.180408163265307,True,False,False,False,False,False
11.34294784580499,False,False,False,True,False,False
11.528707482993198,False,False,False,True,False,False
11.668027210884354,False,True,False,True,False,False
11.900226757369614,False,True,False,False,False,False
12.027936507936507,True,False,False,False,True,False
12.364625850340136,False,True,True,False,False,False
12.538775510204081,True,False,False,False,False,False
12.863854875283447,True,False,False,False,False,False
13.02639455782313,False,True,True,False,False,False
13.212154195011339,True,False,False,False,False,False
13.363083900226757,False,False,True,False,False,False
13.525623582766439,True,False,False,False,False,False
13.688163265306123,False,True,True,False,False,False
14.036462585034014,True,False,True,False,False,False
14.187392290249432,True,False,False,False,False,False
14.32671201814059,False,True,True,False,False,False
14.524081632653061,True,False,False,False,True,False
14.849160997732426,True,False,False,False,False,False
15.000090702947846,False,True,True,False,False,False
15.36,True,False,True,False,False,False
15.522539682539682,True,False,False,False,False,False
15.66185941043084,False,True,True,False,False,False
15.85922902494331,True,False,False,False,False,False
16.195918367346938,True,False,False,False,False,False
16.335238095238097,False,True,True,False,False,False
16.683537414965986,True,False,True,False,False,False
16.857687074829933,True,False,False,False,False,False
16.99700680272109,False,True,True,False,False,False
17.101496598639457,False,True,False,False,False,False
17.345306122448978,True,False,False,False,True,False
17.68199546485261,False,True,True,False,False,False
17.867755102040817,True,False,False,False,False,False
18.192834467120182,True,False,False,False,False,False
18.355374149659863,False,True,True,False,False,False
18.52952380952381,True,False,False,False,False,False
18.866213151927436,True,False,False,False,False,False
19.017142857142858,False,True,True,False,False,False
19.353832199546485,True,False,True,False,False,False
19.51637188208617,True,False,False,False,False,False
19.67891156462585,False,True,True,False,False,False
19.86467120181406,True,False,False,False,True,False
20.17814058956916,True,False,False,False,False,False
20.340680272108845,False,True,True,False,False,False
20.700589569160996,True,False,True,False,False,False
20.86312925170068,True,False,False,False,False,False
21.02566893424036,False,True,True,False,False,False
21.199818594104308,True,False,False,False,True,False
21.524897959183672,True,False,False,False,False,False
21.66421768707483,False,True,True,False,False,False
22.01251700680272,True,False,True,False,False,False
22.175056689342405,False,True,False,False,False,False
22.360816326530614,False,True,False,False,False,False
22.511746031746032,False,True,False,False,False,False
22.68589569160998,True,False,False,False,True,False
23.034195011337868,False,True,True,False,False,False
23.34766439909297,True,False,False,False,False,False
23.64952380952381,False,True,True,False,False,False
24.009433106575965,True,False,True,False,False,False
24.18358276643991,False,False,True,False,False,False
24.33451247165533,False,True,True,False,False,False
24.68281179138322,True,False,True,False,False,False
24.83374149659864,True,False,True,False,False,False
25.007891156462584,False,True,True,False,False,False
25.344580498866215,True,False,True,False,False,False
25.507120181405895,False,False,True,False,False,False
25.66965986394558,False,True,True,False,False,False
26.006349206349206,True,False,True,False,False,False
26.16888888888889,True,False,False,False,False,False
26.33142857142857,False,True,True,False,False,False
26.668117913832198,True,False,True,False,False,False
27.00480725623583,False,True,True,False,False,False
27.36471655328798,True,True,False,False,False,False
27.50403628117914,False,True,False,False,False,False
27.678185941043083,False,True,False,False,False,False
27.85233560090703,True,False,False,False,True,False
28.212244897959184,True,False,False,False,False,False
28.363174603174603,False,True,True,False,False,False
28.69986394557823,True,False,True,False,False,False
29.013333333333332,False,True,True,False,False,False
29.350022675736962,True,False,True,False,False,False
29.524172335600905,True,False,False,False,False,False
29.675102040816327,False,True,True,False,False,False
30.011791383219954,True,False,True,False,False,False
30.1859410430839,False,True,False,False,False,False
30.33687074829932,False,True,False,False,False,False
30.511020408163265,True,False,False,False,True,False
30.859319727891158,True,False,False,False,False,False
31.02185941043084,False,True,True,False,False,False
31.358548752834466,True,False,True,False,False,False
31.52108843537415,True,False,False,False,False,False
31.695238095238096,False,True,True,False,False,False
32.02031746031746,True,False,True,False,False,False
32.345396825396826,False,True,True,False,False,False
32.682086167800456,True,False,True,False,False,False
32.833015873015874,False,True,False,False,False,False
33.01877551020408,False,True,False,False,False,False
33.18131519274377,False,True,False,False,False,False
33.35546485260771,True,False,False,False,True,False
33.68054421768707,False,True,True,False,False,False
34.00562358276644,True,False,True,False,False,False
34.16816326530612,True,False,False,False,False,False
34.33070294784581,False,True,True,False,False,False
34.690612244897956,True,False,True,False,False,False
34.864761904761906,False,False,True,False,False,False
35.00408163265306,False,True,True,False,False,False
35.352380952380955,True,False,True,False,False,False
35.50331065759637,True,False,True,False,False,False
35.66585034013605,False,True,True,False,False,False
36.002539682539684,True,False,True,False,False,False
36.33922902494331,False,True,True,False,False,False
36.6875283446712,True,False,True,False,False,False
36.85006802721088,True,False,False,False,False,False
37.01260770975057,False,True,True,False,False,False
37.34929705215419,True,False,True,False,False,False
37.67437641723356,False,True,True,False,False,False
38.01106575963719,True,True,False,False,False,False
38.17360544217687,False,True,False,False,False,False
38.33614512471655,False,True,False,False,False,False
38.5102947845805,True,False,False,False,True,False
38.846984126984125,True,False,False,False,False,False
38.98630385487528,False,True,True,False,False,False
39.334603174603174,True,False,True,False,False,False
39.52036281179139,True,False,False,False,False,False
39.671292517006805,False,True,True,False,False,False
40.01959183673469,True,False,True,False,False,False
40.34467120181406,False,True,True,False,False,False
40.69297052154195,True,False,True,False,False,False
40.84390022675737,False,True,False,False,False,False
41.01804988662131,False,True,False,False,False,False
41.19219954648526,True,False,False,False,True,False
41.54049886621315,True,False,False,False,False,False
41.691428571428574,False,True,True,False,False,False
42.016507936507935,True,False,True,False,False,False
42.190657596371885,True,False,False,False,False,False
42.3415873015873,False,True,True,False,False,False
42.67827664399093,True,False,True,False,False,False
43.01496598639456,False,True,True,False,False,False
43.35165532879819,False,False,False,True,False,False
43.549024943310656,False,False,False,True,False,False
43.66512471655329,False,True,False,True,False,False
44.02503401360544,True,False,False,False,True,False
44.36172335600907,False,True,True,False,False,False
44.698412698412696,True,False,True,False,False,False
44.860952380952384,True,False,False,False,False,False
45.023492063492064,False,True,True,False,False,False
45.37179138321996,True,False,True,False,False,False
45.685260770975056,False,True,True,False,False,False
46.03356009070295,True,False,True,False,False,False
46.19609977324263,True,False,False,False,False,False
46.34702947845805,False,True,True,False,False,False
46.68371882086168,True,False,True,False,False,False
47.008798185941046,False,True,True,False,False,False
47.368707482993194,True,False,True,False,False,False
47.53124716553288,True,False,False,False,False,False
47.6821768707483,False,True,True,False,False,False
48.01886621315193,True,False,True,False,False,False
48.16979591836735,True,False,False,False,False,False
48.34394557823129,False,True,True,False,False,False
48.68063492063492,True,False,True,False,False,False
48.87800453514739,True,False,False,False,False,False
49.02893424036281,False,True,True,False,False,False
49.24952380952381,False,True,False,False,False,False
49.342403628117914,True,False,False,False,True,False
49.679092970521545,False,True,True,False,False,False
50.01578231292517,True,False,True,False,False,False
50.18993197278912,True,False,False,False,False,False
50.3524716553288,False,True,True,False,False,False
50.68916099773243,True,False,True,False,False,False
51.00263038548753,False,True,True,False,False,False
51.35092970521542,True,False,True,False,False,False
51.525079365079364,True,False,False,False,False,False
51.687619047619044,False,True,True,False,False,False
52.03591836734694,True,False,True,False,False,False
52.34938775510204,False,True,True,False,False,False
52.674467120181404,True,False,True,False,False,False
52.848616780045354,True,False,False,False,False,False
53.011156462585035,False,True,True,False,False,False
53.347845804988665,True,False,True,False,False,False
53.510385487528346,True,False,False,False,False,False
53.67292517006803,False,True,True,False,False,False
54.02122448979592,True,False,True,False,False,False
54.1837641723356,True,False,False,False,False,False
54.34630385487528,False,True,True,False,False,False
54.68299319727891,True,False,True,False,False,False
54.84553287981859,False,True,True,False,False,False
55.193832199546485,True,False,True,False,False,False
55.33315192743764,False,True,True,False,False,False
55.68145124716553,False,False,True,False,False,False
55.86721088435374,True,False,False,False,False,False
56.006530612244894,False,True,False,False,False,False
56.401269841269844,False,False,True,False,False,False
56.66829931972789,False,True,False,False,False,False
56.86566893424036,False,False,False,True,False,False
57.01659863945578,False,False,False,True,False,False
57.19074829931973,True,False,False,False,True,False
57.53904761904762,True,False,False,False,False,False
57.67836734693878,False,True,True,False,False,False
58.026666666666664,True,False,True,False,False,False
58.18920634920635,True,False,False,False,False,False
58.34013605442177,False,True,True,False,False,False
58.525895691609975,True,False,False,False,True,False
58.862585034013605,True,False,False,False,False,False
59.013514739229024,False,True,True,False,False,False
59.350204081632654,True,False,True,False,False,False
59.53596371882086,True,False,False,False,False,False
59.65206349206349,False,True,True,False,False,False
59.86104308390023,True,False,False,False,True,False
60.19773242630386,True,False,False,False,False,False
60.337052154195014,False,True,True,False,False,False
60.69696145124716,True,False,True,False,False,False
60.87111111111111,True,False,False,False,False,False
61.01043083900227,False,True,True,False,False,False
61.207800453514736,True,False,False,False,True,False
61.52126984126984,True,False,False,False,False,False
61.68380952380952,False,True,True,False,False,False
62.032108843537415,True,False,True,False,False,False
62.20625850340136,True,False,False,False,False,False
62.33396825396825,False,True,True,False,False,False
62.54294784580499,True,False,False,False,True,False
62.86802721088436,True,False,False,False,False,False
63.03056689342404,False,True,True,False,False,False
63.36725623582767,True,False,False,False,False,False
63.54140589569161,True,False,False,False,False,False
63.68072562358277,False,True,True,False,False,False
63.86648526077097,True,False,False,False,True,False
64.19156462585035,True,False,False,False,False,False
64.35410430839002,False,True,True,False,False,False
64.69079365079365,True,False,True,False,False,False
64.8649433106576,True,False,False,False,False,False
65.00426303854876,False,True,True,False,False,False
65.19002267573696,True,False,False,False,True,False
65.52671201814059,True,False,False,False,False,False
65.677641723356,False,True,True,False,False,False
66.0259410430839,True,False,True,False,False,False
66.18848072562358,True,False,False,False,False,False
66.339410430839,False,True,False,False,False,False
66.51356009070295,True,False,False,False,True,False
66.86185941043084,True,False,False,False,False,False
67.001179138322,False,True,True,False,False,False
67.34947845804989,True,False,True,False,False,False
67.54684807256236,False,True,True,False,False,False
67.67455782312925,False,True,False,False,False,False
67.76743764172336,False,True,False,False,False,False
67.87192743764173,True,False,False,False,True,False
68.18539682539682,True,False,False,False,False,False
68.32471655328798,False,True,True,False,False,False
68.68462585034014,False,False,True,False,False,False
68.85877551020408,True,False,False,False,False,False
68.99809523809523,False,True,True,False,False,False
69.19546485260771,True,False,False,False,False,False
69.53215419501134,True,False,False,False,False,False
69.67147392290249,False,True,True,False,False,False
70.01977324263038,False,False,True,False,False,False
70.19392290249434,True,False,False,False,False,False
70.33324263038548,False,True,True,False,False,False
70.53061224489795,True,False,False,False,False,False
70.85569160997733,True,False,False,False,False,False
71.00662131519275,False,True,True,False,False,False
71.35492063492063,False,False,True,False,False,False
71.52907029478457,True,False,False,False,False,False
71.66839002267574,False,True,True,False,False,False
71.85414965986395,True,False,False,False,False,False
72.19083900226758,True,False,False,False,False,False
72.33015873015873,False,True,True,False,False,False
72.67845804988661,True,False,True,False,False,False
72.8758276643991,True,False,False,False,False,False
72.99192743764172,False,True,True,False,False,False
73.14285714285714,False,True,False,False,False,False
73.21251700680273,False,True,False,False,False,False
73.32861678004535,True,False,False,False,True,False
73.66530612244898,False,True,True,False,False,False
74.01360544217687,True,False,True,False,False,False
74.18775510204081,True,False,False,False,False,False
74.33868480725623,False,True,True,False,False,False
74.52444444444444,True,False,False,False,True,False
74.82630385487528,True,False,False,False,False,False
74.98884353741497,False,True,True,False,False,False
75.34875283446712,True,False,True,False,False,False
75.52290249433106,True,False,False,False,False,False
75.68544217687075,False,True,True,False,False,False
75.8595918367347,True,False,False,False,True,False
76.18467120181406,True,False,False,False,False,False
76.33560090702947,False,True,True,False,False,False
76.68390022675737,True,False,True,False,False,False
76.85804988662132,True,False,False,False,False,False
77.00897959183673,False,True,True,False,False,False
77.2063492063492,True,False,False,False,False,False
77.53142857142858,True,False,False,False,False,False
77.67074829931973,False,True,True,False,False,False
78.01904761904763,True,False,True,False,False,False
78.1815873015873,True,False,False,False,False,False
78.3092970521542,False,True,True,False,False,False
78.66920634920635,True,False,False,False,True,False
79.00589569160998,False,True,True,False,False,False
79.19165532879819,True,False,False,False,False,False
79.51673469387755,True,False,False,False,False,False
79.6560544217687,False,True,True,False,False,False
79.86503401360544,True,False,False,False,False,False
80.20172335600907,True,False,False,False,False,False
80.32943310657596,False,True,True,False,False,False
80.68934240362812,True,False,True,False,False,False
80.87510204081633,True,False,False,False,False,False
81.00281179138322,False,True,True,False,False,False
81.18857142857142,True,False,False,False,True,False
81.5136507936508,True,False,False,False,False,False
81.66458049886621,False,True,True,False,False,False
82.0128798185941,True,False,True,False,False,False
82.19863945578231,True,False,False,False,False,False
82.34956916099773,False,True,True,False,False,False
82.53532879818594,True,False,False,False,True,False
82.8604081632653,True,False,False,False,False,False
83.01133786848072,False,True,True,False,False,False
83.34802721088435,True,False,True,False,False,False
83.5221768707483,True,False,False,False,False,False
83.67310657596371,False,True,True,False,False,False
83.82403628117913,False,True,False,False,False,False
84.00979591836735,True,False,False,False,True,False
84.3348752834467,False,True,True,False,False,False
84.52063492063492,True,False,False,False,False,False
84.85732426303855,True,False,False,False,False,False
84.99664399092971,False,True,True,False,False,False
85.19401360544218,True,False,False,False,False,False
85.35655328798185,False,False,True,False,False,False
85.51909297052154,True,False,False,False,False,False
85.67002267573696,False,True,True,False,False,False
86.01832199546486,True,False,True,False,False,False
86.1924716553288,False,True,True,False,False,False
86.35501133786848,False,True,False,False,False,False
86.51755102040816,True,False,False,False,True,False
86.84263038548752,True,False,False,False,False,False
86.99356009070294,False,True,True,False,False,False
87.3534693877551,True,False,True,False,False,False
87.52761904761904,True,False,False,False,False,False
87.6669387755102,False,True,True,False,False,False
87.85269841269842,True,False,False,False,True,False
88.16616780045351,True,False,False,False,False,False
88.31709750566894,False,True,True,False,False,False
88.65378684807256,True,False,True,False,False,False
88.83954648526077,False,True,False,False,False,False
89.01369614512471,False,True,False,False,False,False
89.16462585034013,False,True,False,False,False,False
89.33877551020409,True,False,False,False,True,False
89.68707482993197,False,True,True,False,False,False
90.03537414965986,True,False,True,False,False,False
90.20952380952382,False,False,True,False,False,False
90.32562358276644,False,True,True,False,False,False
90.6855328798186,True,False,True,False,False,False
90.9990022675737,False,True,True,False,False,False
91.35891156462586,True,False,True,False,False,False
91.5330612244898,True,False,False,False,False,False
91.68399092970522,False,True,True,False,False,False
92.02068027210885,True,False,True,False,False,False
92.34575963718821,False,True,True,False,False,False
92.6940589569161,True,False,True,False,False,False
92.87981859410431,True,False,False,False,False,False
93.03074829931973,False,True,True,False,False,False
93.36743764172336,True,False,True,False,False,False
93.68090702947846,False,True,True,False,False,False
94.04081632653062,True,True,True,False,False,False
94.20335600907029,False,True,False,False,False,False
94.35428571428571,False,True,True,False,False,False
94.5168253968254,True,False,False,False,True,False
94.85351473922903,True,False,False,False,False,False
95.0160544217687,False,True,True,False,False,False
95.35274376417233,True,False,True,False,False,False
95.52689342403629,True,False,False,False,False,False
95.68943310657596,False,True,True,False,False,False
95.8635827664399,True,False,False,False,False,False
96.01451247165532,False,False,True,False,False,False
96.18866213151928,True,False,False,False,False,False
96.3395918367347,False,True,True,False,False,False
96.68789115646258,True,False,True,False,False,False
96.86204081632653,False,True,False,False,False,False
97.02458049886621,False,True,False,False,False,False
97.1871201814059,True,False,False,False,True,False
97.51219954648526,True,False,False,False,False,False
97.66312925170068,False,True,True,False,False,False
98.02303854875284,True,False,True,False,False,False
98.18557823129251,True,False,False,False,False,False
98.32489795918367,False,True,True,False,False,False
98.51065759637189,True,False,False,False,False,False
98.68480725623583,False,False,True,False,False,False
98.87056689342404,True,False,False,False,False,False
99.00988662131519,False,True,True,False,False,False
99.34657596371882,True,False,True,False,False,False
99.48589569160998,False,True,False,False,False,False
99.67165532879818,False,True,False,False,False,False
99.83419501133787,False,True,True,False,False,False
100.01995464852608,True,False,False,False,True,False
100.34503401360544,False,True,True,False,False,False
100.68172335600907,True,False,True,False,False,False
100.86748299319729,True,False,False,False,False,False
100.99519274376418,False,True,True,False,False,False
101.35510204081632,True,False,True,False,False,False
101.50603174603175,False,False,True,False,False,False
101.66857142857143,False,True,True,False,False,False
102.01687074829933,True,False,True,False,False,False
102.179410430839,True,False,False,False,False,False
102.34195011337869,False,True,True,False,False,False
102.67863945578232,True,False,True,False,False,False
102.84117913832199,False,False,True,False,False,False
103.00371882086168,False,True,True,False,False,False
103.35201814058956,True,False,True,False,False,False
103.50294784580498,True,False,False,False,False,False
103.66548752834467,False,True,True,False,False,False
104.0021768707483,True,False,True,False,False,False
104.33886621315193,False,True,True,False,False,False
104.68716553287982,True,False,True,False,False,False
104.83809523809524,False,True,False,False,False,False
105.01224489795918,False,True,False,False,False,False
105.18639455782314,True,False,False,False,True,False
105.52308390022675,True,False,False,False,False,False
105.67401360544218,False,True,True,False,False,False
106.03392290249433,True,False,True,False,False,False
106.19646258503401,True,False,False,False,False,False
106.34739229024943,False,True,True,False,False,False
106.53315192743764,True,False,False,False,False,False
106.68408163265306,False,False,True,False,False,False
106.858231292517,True,False,False,False,False,False
107.00916099773242,False,True,True,False,False,False
107.34585034013605,True,False,True,False,False,False
107.52,False,True,False,False,False,False
107.69414965986394,False,True,False,False,False,False
107.85668934240363,True,False,False,False,True,False
108.19337868480726,True,False,False,False,False,False
108.34430839002268,False,True,True,False,False,False
108.6809977324263,True,False,True,False,False,False
108.86675736961452,True,False,False,False,False,False
109.02929705215419,False,True,True,False,False,False
109.20344671201813,True,False,False,False,False,False
109.52852607709751,True,False,False,False,False,False
109.67945578231293,False,True,True,False,False,False
110.00453514739229,True,False,False,True,False,False
110.20190476190476,False,False,False,True,False,False
110.3180045351474,False,True,False,True,False,False
110.67791383219955,True,False,False,False,True,False
111.01460317460318,False,True,True,False,False,False
111.3512925170068,True,False,True,False,False,False
111.53705215419501,True,False,False,False,False,False
111.68798185941043,False,True,True,False,False,False
112.03628117913833,True,False,True,False,False,False
112.36136054421769,False,True,True,False,False,False
112.69804988662132,True,False,True,False,False,False
112.87219954648526,True,False,False,False,False,False
113.02312925170068,False,True,True,False,False,False
113.37142857142857,True,False,True,False,False,False
113.68489795918367,False,True,True,False,False,False
114.03319727891156,True,False,True,False,False,False
114.20734693877552,True,False,False,False,False,False
114.33505668934241,False,True,True,False,False,False
114.69496598639456,True,False,True,False,False,False
114.85750566893424,True,False,False,False,False,False
115.00843537414966,False,True,True,False,False,False
115.35673469387756,True,False,True,False,False,False
115.51927437641723,True,False,False,False,False,False
115.68181405895692,False,True,True,False,False,False
115.8443537414966,False,True,False,False,False,False
116.01850340136055,True,False,False,False,True,False
116.35519274376418,False,True,True,False,False,False
116.6918820861678,True,False,True,False,False,False
116.85442176870748,True,False,False,False,False,False
117.01696145124717,False,True,True,False,False,False
117.3536507936508,True,False,True,False,False,False
117.66712018140589,False,True,True,False,False,False
118.01541950113379,True,False,True,False,False,False
118.17795918367347,True,False,False,False,False,False
118.32888888888888,False,True,True,False,False,False
118.68879818594104,True,False,True,False,False,False
119.00226757369614,False,True,True,False,False,False
119.35056689342403,True,False,True,False,False,False
119.53632653061224,True,False,False,False,False,False
119.6756462585034,False,True,True,False,False,False
120.03555555555556,True,False,True,False,False,False
120.19809523809523,True,False,False,False,False,False
120.34902494331065,False,True,True,False,False,False
120.67410430839003,True,False,True,False,False,False
120.85986394557823,True,False,False,False,False,False
120.99918367346939,False,True,True,False,False,False
121.34748299319727,True,False,True,False,False,False
121.51002267573696,False,True,False,False,False,False
121.6841723356009,False,False,True,False,False,False
121.88154195011337,True,False,False,False,False,False
122.02086167800454,False,True,True,False,False,False
122.33433106575964,True,False,False,True,False,False
122.40399092970522,False,False,False,True,False,False
122.47365079365079,False,False,False,True,False,False
122.5665306122449,False,False,False,True,False,False
122.68263038548753,False,False,False,True,False,False
123.08897959183673,False,False,True,False,False,False
123.33278911564626,False,True,False,False,False,False
123.51854875283446,False,False,False,True,False,False
123.66947845804988,False,False,False,True,False,False
123.8552380952381,True,False,False,False,True,False
124.19192743764172,True,False,False,False,False,False
124.34285714285714,False,True,True,False,False,False
124.69115646258503,True,False,False,False,False,False
124.85369614512472,True,False,False,False,False,False
125.00462585034013,False,True,True,False,False,False
125.17877551020408,True,False,False,False,True,False
125.5154648526077,True,False,False,False,False,False
125.68961451247165,False,True,True,False,False,False
126.03791383219955,True,False,True,False,False,False
126.20045351473922,True,False,False,False,False,False
126.32816326530612,False,True,True,False,False,False
126.5255328798186,True,False,False,False,True,False
126.86222222222223,True,False,False,False,False,False
127.0247619047619,False,True,True,False,False,False
127.3730612244898,True,False,True,False,False,False
127.54721088435375,True,False,False,False,False,False
127.6865306122449,False,True,True,False,False,False
127.86068027210884,True,False,False,False,True,False
128.19736961451247,True,False,False,False,False,False
128.35990929705216,False,True,True,False,False,False
128.70820861678004,True,False,True,False,False,False
128.87074829931973,True,False,False,False,False,False
129.01006802721088,False,True,True,False,False,False
129.1958276643991,True,False,False,False,True,False
129.50929705215418,True,False,False,False,False,False
129.68344671201814,False,True,True,False,False,False
130.0085260770975,True,False,True,False,False,False
130.18267573696144,True,False,False,False,False,False
130.34521541950113,False,True,True,False,False,False
130.5193650793651,True,False,False,False,True,False
130.8560544217687,True,False,False,False,False,False
131.0185941043084,False,True,True,False,False,False
131.355283446712,True,False,True,False,False,False
131.52943310657596,True,False,False,False,False,False
131.68036281179138,False,True,True,False,False,False
131.86612244897958,True,False,False,False,True,False
132.19120181405896,True,False,False,False,False,False
132.34213151927437,False,True,True,False,False,False
132.69043083900226,True,False,True,False,False,False
132.8761904761905,True,False,False,False,False,False
133.0271201814059,False,True,False,False,False,False
133.20126984126983,True,False,False,False,True,False
133.5263492063492,True,False,False,False,False,False
133.6888888888889,False,True,True,False,False,False
134.0255782312925,True,False,True,False,False,False
134.2113378684807,False,True,False,False,False,False
134.29260770975057,False,True,False,False,False,False
134.43192743764172,False,True,False,False,False,False
134.52480725623582,True,False,False,False,True,False
134.87310657596373,True,False,False,False,False,False
135.01242630385488,False,True,True,False,False,False
135.36072562358277,False,False,True,False,False,False
135.53487528344672,True,False,False,False,False,False
135.68580498866214,False,True,True,False,False,False
135.87156462585034,True,False,False,False,False,False
136.19664399092972,True,False,False,False,False,False
136.34757369614513,False,True,True,False,False,False
136.7074829931973,False,False,True,False,False,False
136.88163265306122,True,False,False,False,False,False
137.0209523809524,False,True,True,False,False,False
137.21832199546486,True,False,False,False,False,False
137.53179138321997,True,False,False,False,False,False
137.69433106575963,False,True,True,False,False,False
138.21678004535147,True,False,False,False,False,False
138.35609977324262,False,True,True,False,False,False
138.54185941043085,True,False,False,False,False,False
138.85532879818595,True,False,False,False,False,False
139.00625850340137,False,True,True,False,False,False
139.36616780045352,True,False,True,False,False,False
139.54031746031745,True,False,False,False,False,False
139.66802721088436,False,True,False,False,False,False
139.81895691609978,False,True,False,False,False,False
139.88861678004534,False,True,False,False,False,False
139.9931065759637,True,False,False,False,True,False
140.32979591836735,False,True,True,False,False,False
140.6897052154195,True,False,True,False,False,False
140.8754648526077,True,False,False,False,False,False
141.0031746031746,False,True,False,False,False,False
141.1889342403628,True,False,False,False,True,False
141.52562358276643,True,False,False,False,False,False
141.6649433106576,False,True,True,False,False,False
142.02485260770976,True,False,True,False,False,False
142.1990022675737,True,False,False,False,False,False
142.33832199546487,False,True,True,False,False,False
142.53569160997733,True,False,False,False,True,False
142.84916099773244,True,False,False,False,False,False
143.0117006802721,False,True,True,False,False,False
143.36,True,False,True,False,False,False
143.5457596371882,True,False,False,False,False,False
143.68507936507936,False,True,False,False,False,False
143.85922902494332,True,False,False,False,True,False
144.19591836734693,True,False,False,False,False,False
144.33523809523808,False,True,True,False,False,False
144.683537414966,True,False,False,False,False,False
144.84607709750566,False,False,False,True,False,False
144.99700680272107,False,False,False,True,False,False
145.15954648526076,False,False,False,True,False,False
145.33369614512472,True,False,False,False,True,False
146.19283446712018,False,False,True,False,False,False
146.86621315192744,False,False,True,False,False,False
147.01714285714286,False,False,True,False,False,False
147.7021315192744,False,False,True,False,False,False
148.3871201814059,False,False,True,False,False,False
148.700589569161,False,False,True,False,False,False
148.87473922902495,False,False,True,False,False,False
149.02566893424037,False,False,True,False,False,False
149.37396825396826,False,False,True,False,False,False
149.69904761904763,False,False,True,False,False,False
150.68589569160997,True,False,True,False,False,False
151.35927437641723,False,False,True,False,False,False
151.52181405895692,False,False,True,False,False,False
151.69596371882085,False,False,True,False,False,False
152.02104308390022,False,False,True,False,False,False
152.35773242630387,False,False,True,False,False,False
152.5318820861678,False,False,True,False,False,False
152.69442176870749,False,False,True,False,False,False
152.86857142857144,False,False,True,False,False,False
153.0311111111111,False,False,True,False,False,False
153.21687074829933,False,False,True,False,False,False
153.36780045351475,False,False,True,False,False,False
153.54195011337868,False,False,True,False,False,False
153.70448979591836,False,False,True,False,False,False
153.86702947845805,False,False,True,False,False,False
154.041179138322,False,False,True,False,False,False
154.21532879818594,False,False,True,False,False,False
154.37786848072562,False,False,True,False,False,False
154.702947845805,False,False,True,False,False,False
155.03963718820862,False,False,True,False,False,False
155.364716553288,False,False,True,False,False,False
155.53886621315192,False,False,True,False,False,False
155.71301587301588,False,False,True,False,False,False
156.02648526077098,True,False,True,False,True,False
156.71147392290248,False,False,True,False,False,False
156.87401360544217,False,False,True,False,False,False
157.0249433106576,False,False,True,False,False,False
157.36163265306124,False,False,True,False,False,False
157.69832199546485,False,False,True,False,False,False
157.88408163265305,False,False,True,False,False,False
158.04662131519274,False,False,True,False,False,False
158.36009070294784,False,False,True,False,False,False
158.69678004535146,False,False,True,False,False,False
159.6952380952381,False,False,True,False,False,False
160.3570068027211,False,False,True,False,False,False
160.6936961451247,False,False,True,False,False,False
161.01877551020408,False,False,True,False,False,False
161.34385487528345,True,False,True,False,False,False
161.7037641723356,False,False,True,False,False,False
162.70222222222222,False,False,True,False,False,False
163.03891156462586,False,False,True,False,False,False
163.3639909297052,False,False,True,False,False,False
163.70068027210885,False,False,True,False,False,False
164.01414965986393,False,False,True,False,False,False
164.6875283446712,False,False,True,False,False,False
165.02421768707484,False,False,True,False,False,False
165.32607709750567,False,False,True,False,False,False
166.02267573696145,False,False,True,False,False,False
166.6960544217687,True,False,False,False,True,False
167.34621315192743,False,True,True,False,False,False
167.84544217687076,True,False,False,False,False,False
168.03120181405896,False,False,True,False,False,False
168.34467120181407,True,False,True,False,False,False
168.65814058956917,False,True,True,False,False,False
169.3315192743764,True,False,True,False,False,False
170.00489795918367,False,True,True,False,False,False
170.5273469387755,True,False,False,False,False,False
170.6898866213152,True,False,True,False,False,False
171.0265759637188,True,False,True,False,False,False
171.34004535147392,False,True,True,False,False,False
172.01342403628118,True,False,True,False,False,False
172.67519274376417,False,True,True,False,False,False
173.03510204081633,False,False,True,False,False,False
173.18603174603174,True,False,False,False,False,False
173.3601814058957,True,False,True,False,False,False
173.6736507936508,True,False,True,False,False,False
173.99873015873015,False,True,True,False,False,False
174.68371882086169,True,False,False,False,True,False
175.0204081632653,False,True,True,False,False,False
175.38031746031746,True,False,True,False,False,False
175.53124716553287,True,False,False,False,False,False
175.6821768707483,False,True,True,False,False,False
175.86793650793652,True,False,False,False,False,False
176.19301587301587,True,False,False,False,False,False
176.34394557823128,False,True,True,False,False,False
176.69224489795917,True,False,True,False,False,False
176.86639455782313,True,False,False,False,False,False
177.00571428571428,False,True,True,False,False,False
177.1566439909297,False,True,False,False,False,False
177.3540136054422,True,False,False,False,True,False
177.66748299319727,False,True,False,False,False,True
177.86485260770976,True,False,False,False,False,False
178.02739229024942,False,False,False,False,False,True
178.1899319727891,True,False,False,False,False,False
178.32925170068026,False,True,False,False,False,True
178.70077097505668,False,False,False,False,False,True
179.00263038548752,False,True,False,False,False,True
179.36253968253968,True,False,False,False,False,True
179.5134693877551,True,False,False,False,False,False
179.6643990929705,False,True,False,False,False,True
180.02430839002267,True,False,False,False,True,False
180.33777777777777,False,True,False,False,False,False
180.5467573696145,True,False,False,False,False,False
180.68607709750566,False,False,False,False,False,True
180.86022675736962,True,False,False,False,False,False
180.99954648526077,False,True,True,False,False,False
181.3710657596372,False,False,False,False,False,True
181.67292517006803,False,True,False,False,False,True
182.0212244897959,True,False,False,False,False,True
182.19537414965987,True,False,False,False,False,False
182.33469387755102,False,True,False,False,False,True
182.69460317460317,True,False,False,False,True,False
183.00807256235828,False,True,False,False,False,True
183.20544217687075,True,False,False,False,False,False
183.33315192743765,False,False,False,False,False,True
183.53052154195012,True,False,False,False,False,False
183.66984126984127,False,True,False,False,False,True
184.01814058956916,False,False,False,False,False,True
184.3548299319728,False,True,False,False,False,True
184.67990929705215,True,False,False,False,False,True
184.84244897959184,True,False,False,False,False,False
185.00498866213152,False,True,False,False,False,True
185.3532879818594,True,False,False,False,False,True
185.67836734693878,False,True,False,False,False,False
186.00344671201813,False,False,False,True,False,False
186.07310657596372,False,False,False,True,False,False
186.18920634920636,False,False,False,True,False,False
186.34013605442178,False,False,False,True,False,False
186.5142857142857,False,True,False,True,False,False
187.8378231292517,True,False,False,False,True,False
188.19773242630384,True,False,False,False,False,False
188.34866213151926,False,True,True,False,False,False
188.6853514739229,True,False,True,False,False,False
188.85950113378684,True,False,False,False,False,False
188.998820861678,False,True,True,False,False,False
189.1845804988662,True,False,False,False,True,False
189.52126984126983,True,False,False,False,False,False
189.68380952380951,False,True,True,False,False,False
190.0321088435374,True,False,True,False,False,False
190.18303854875285,True,False,False,False,False,False
190.3455782312925,False,True,False,False,False,False
190.51972789115646,True,False,False,False,True,False
190.84480725623584,True,False,False,False,False,False
191.01895691609977,False,True,True,False,False,False
191.36725623582765,True,False,True,False,False,False
191.5414058956916,True,False,False,False,False,False
191.6691156462585,False,True,True,False,False,False
191.84326530612245,True,False,False,False,True,False
192.19156462585033,True,False,False,False,False,False
192.34249433106575,False,True,False,False,False,False
192.69079365079364,True,False,True,False,False,False
192.84172335600908,True,False,False,False,False,False
193.00426303854874,False,True,True,False,False,False
193.1784126984127,True,False,False,False,True,False
193.52671201814059,True,False,False,False,False,False
193.677641723356,False,True,True,False,False,False
194.0259410430839,True,False,True,False,False,False
194.18848072562358,True,False,False,False,False,False
194.35102040816327,False,True,True,False,False,False
194.52517006802722,True,False,False,False,True,False
194.86185941043084,True,False,False,False,False,False
195.01278911564626,False,True,True,False,False,False
195.3726984126984,True,False,True,False,False,False
195.5352380952381,True,False,False,False,False,False
195.67455782312925,False,True,True,False,False,False
195.87192743764172,True,False,False,False,True,False
196.1970068027211,True,False,False,False,False,False
196.3479365079365,False,True,True,False,False,False
196.6962358276644,True,False,True,False,False,False
196.85877551020408,True,False,False,False,False,False
197.0097052154195,False,True,True,False,False,False
197.1954648526077,True,False,False,False,True,False
197.52054421768707,True,False,False,False,False,False
197.6714739229025,False,True,True,False,False,False
198.03138321995465,True,False,False,False,False,False
198.18231292517007,False,True,False,False,False,False
198.33324263038548,False,True,False,False,False,False
198.40290249433107,False,True,False,False,False,False
198.53061224489795,True,False,False,False,True,False
198.8324716553288,True,False,False,False,False,False
198.99501133786848,False,True,True,False,False,False
199.5290702947846,True,False,False,False,False,False
199.68,False,True,True,False,False,False
199.8657596371882,True,False,False,False,False,False
200.19083900226758,True,False,False,False,False,False
200.31854875283446,False,True,True,False,False,False
201.003537414966,False,True,True,False,False,False
201.1892970521542,True,False,False,False,False,False
201.5027664399093,True,False,False,False,False,False
201.67691609977325,False,True,True,False,False,False
202.0368253968254,False,False,True,False,False,False
202.21097505668934,True,False,False,False,False,False
202.3502947845805,False,True,True,False,False,False
202.54766439909298,True,False,False,False,False,False
202.8611337868481,True,False,False,False,False,False
203.0120634920635,False,True,True,False,False,False
203.37197278911566,True,False,True,False,False,False
203.5461224489796,True,False,False,False,False,False
203.68544217687074,False,True,False,False,False,False
203.7667120181406,False,True,False,False,False,False
204.0105215419501,True,False,False,False,True,False
204.358820861678,False,True,True,False,False,False
204.69551020408164,True,False,True,False,False,False
204.8580498866213,True,False,False,False,False,False
204.99736961451248,False,True,True,False,False,False
205.18312925170068,True,False,False,False,True,False
205.54303854875283,True,False,False,False,False,False
205.68235827664398,False,True,True,False,False,False
206.0306575963719,True,False,True,False,False,False
206.20480725623582,True,False,False,False,False,False
206.34412698412697,False,True,True,False,False,False
206.5298866213152,True,False,False,False,True,False
206.85496598639455,True,False,False,False,False,False
207.00589569160996,False,True,True,False,False,False
207.36580498866212,True,False,True,False,False,False
207.53995464852608,True,False,False,False,False,False
207.6908843537415,False,True,False,False,False,False
207.86503401360545,True,False,False,False,True,False
208.1901133786848,True,False,False,False,False,False
208.34104308390022,False,True,True,False,False,False
208.6661224489796,True,False,False,False,False,False
208.84027210884355,False,True,False,True,False,False
209.0028117913832,False,True,False,True,False,False
209.18857142857144,True,False,False,False,True,False
209.51365079365078,True,False,True,False,False,False
209.68780045351474,False,True,True,False,False,False
210.02448979591836,True,False,True,False,False,False
210.1986394557823,True,False,False,False,False,False
210.34956916099773,False,True,True,False,False,False
210.5237188208617,True,False,False,False,True,False
210.87201814058957,True,False,False,False,False,False
211.01133786848072,False,True,True,False,False,False
211.3596371882086,True,False,True,False,False,False
211.53378684807257,True,False,False,False,False,False
211.67310657596371,False,True,True,False,False,False
211.85886621315194,True,False,False,False,True,False
212.19555555555556,True,False,False,False,False,False
212.35809523809525,False,True,True,False,False,False
212.70639455782313,True,False,False,False,False,False
212.86893424036282,True,False,False,False,False,False
212.9966439909297,False,True,True,False,False,False
213.20562358276644,True,False,False,False,True,False
213.5307029478458,True,False,False,False,False,False
213.68163265306123,False,True,True,False,False,False
214.01832199546485,True,False,True,False,False,False
214.1924716553288,True,False,False,False,False,False
214.34340136054422,False,True,True,False,False,False
214.51755102040818,True,False,False,False,True,False
214.86585034013606,True,False,False,False,False,False
215.01678004535148,False,True,True,False,False,False
215.3534693877551,True,False,True,False,False,False
215.51600907029479,True,False,True,False,False,False
215.6669387755102,False,True,True,False,False,False
215.86430839002267,True,False,False,False,True,False
216.18938775510205,True,False,False,False,False,False
216.34031746031746,False,True,True,False,False,False
216.67700680272108,True,False,True,False,False,False
216.85115646258504,True,False,False,False,False,False
217.00208616780046,False,True,True,False,False,False
217.18784580498865,True,False,False,False,False,False
217.5245351473923,True,False,False,False,False,False
217.67546485260772,False,True,True,False,False,False
218.0237641723356,True,False,True,False,False,False
218.19791383219956,True,False,False,False,False,False
218.32562358276644,False,True,True,False,False,False
218.5229931972789,True,False,False,False,True,False
218.8712925170068,True,False,False,False,False,False
219.01061224489797,False,True,True,False,False,False
219.33569160997732,True,False,False,False,False,False
219.50984126984127,False,True,False,False,False,False
219.83492063492062,True,False,False,False,True,False
220.18321995464854,True,False,False,False,False,False
220.3457596371882,False,True,False,False,True,False
220.8798185941043,True,False,False,False,False,False
220.99591836734695,False,True,False,False,True,False
221.18167800453514,True,False,False,False,False,False
221.52997732426303,True,False,False,False,False,False
221.65768707482994,False,True,False,False,True,False
222.2033560090703,True,False,False,False,False,False
222.34267573696144,False,True,False,False,True,False
222.86512471655328,True,False,False,False,False,False
223.0160544217687,False,True,False,False,True,False
223.3643537414966,False,False,True,False,False,False
223.53850340136054,True,False,False,False,False,False
223.66621315192745,False,True,False,False,True,False
223.85197278911565,True,False,False,False,False,False
224.18866213151927,True,False,False,False,False,False
224.33959183673468,False,True,False,False,True,False
224.67628117913833,True,False,False,False,False,False
224.85043083900226,True,False,False,False,False,False
225.00136054421768,False,True,False,False,True,False
225.16390022675736,False,True,False,False,True,False
225.3496598639456,True,False,False,False,True,False
225.6863492063492,False,True,False,False,True,False
226.02303854875282,True,False,False,False,True,False
226.1855782312925,True,False,False,False,False,False
226.3248979591837,False,True,False,False,False,False
226.5338775510204,True,False,False,False,True,False
226.87056689342404,True,False,False,False,False,False
227.0098866213152,False,True,False,False,True,False
227.35818594104308,True,False,False,False,False,False
227.52072562358276,True,False,False,False,False,False
227.67165532879818,False,True,False,False,False,False
227.8574149659864,True,False,False,False,True,False
227.92707482993197,False,False,False,False,True,False
228.2057142857143,True,False,False,False,False,False
228.34503401360544,False,True,False,False,True,False
228.69333333333333,True,False,False,False,True,False
228.86748299319729,True,False,False,False,False,False
229.0184126984127,False,True,False,False,False,False
229.2041723356009,True,False,False,False,True,False
229.517641723356,True,False,False,False,False,False
229.66857142857143,False,True,False,False,True,False
230.0168707482993,True,False,False,False,False,False
230.20263038548754,True,False,False,False,False,False
230.33034013605442,False,True,False,False,True,False
230.6786394557823,True,False,False,False,True,False
231.35201814058956,True,False,False,False,True,False
232.0021768707483,True,False,False,False,True,False
232.7568253968254,True,False,False,False,True,False
233.66240362811791,True,False,False,False,True,False
